Full Name,Email,PIN,Password,Credit Card Number,CCV,Expiry Date
Alex Williams,alex.williams@skynet.be,5835,j4b50Ic&_gI1Z,5851920287291507,923,10/26
Anna Williams,anna.williams@skynet.be,4935,@62@LdSl,5966405712899128,136,09/28
Chris Williams,chris.williams@gmail.com,1656,nl55V^fcx#h7,5635545618482251,751,05/29
Emily Williams,emily.williams@hotmail.com,3531,rfrdRN1n)5,4265854242551594,329,01/27
Jane Williams,jane.williams@telenet.be,5736,W#3AcejN,4106277230384472,212,10/29
John Williams,john.williams@proximus.be,7582,%bUiWitGNgj1n%,5702891139569601,290,11/27
Katie Williams,katie.williams@gmail.com,4554,!Y8rAsmr,5698068208577497,381,07/29
Laura Williams,laura.williams@gmail.com,2704,V)6OwaXk,4747398059007644,308,02/27
Linda Williams,linda.williams@proximus.be,2589,oMY9X!5Cg6&uQe,4041145449979819,399,02/29
Michael Williams,michael.williams@hotmail.com,6081,F#D_DUtlNB0P,5428887483182047,214,11/26
Robert Williams,robert.williams@skynet.be,4623,J^4f@DWcRSt,4918491582205278,212,01/27
Tom Williams,tom.williams@skynet.be,6399,32a3gIWq)^Qau,5486679366056805,867,02/27
Alex Walker,alex.walker@gmail.com,8589,huf+Cyd8R$P4G,5390880703591623,910,02/28
Anna Walker,anna.walker@telenet.be,6046,$#3zaNDAtPcA,4822782548524476,988,05/26
Chris Walker,chris.walker@telenet.be,8889,8X)8UUlev,4256519802304463,914,02/28
Emily Walker,emily.walker@skynet.be,7391,XsmCB23h(K1,4874233258542577,875,06/27
Jane Walker,jane.walker@gmail.com,7361,n%C5fTDp,4188068760103529,274,08/29
John Walker,john.walker@proximus.be,1171,tn+^Ys!KhZb7i8,5912245763728766,430,04/27
Katie Walker,katie.walker@hotmail.com,7136,GgZpp8lN_2MTt,4846664349357858,501,05/25
Laura Walker,laura.walker@proximus.be,2919,4Mi$crns^Y0,4441785471663411,913,06/27
Linda Walker,linda.walker@skynet.be,4525,%@5tSohffV,4419972844946283,861,08/25
Michael Walker,michael.walker@telenet.be,3703,zJ6!PM6ca_,4902922815876756,428,12/25
Robert Walker,robert.walker@proximus.be,1631,X3pT%nxW*,4931089922567483,370,10/28
Tom Walker,tom.walker@hotmail.com,9556,W0YXG5gI*i%s,5900902731676203,277,06/27
Alex Taylor,alex.taylor@proximus.be,2310,69CDW3b$@$18#O,4463473940439305,749,10/26
Anna Taylor,anna.taylor@gmail.com,6813,#iRuF)VA!Q511i,5943598853014530,192,11/28
Chris Taylor,chris.taylor@skynet.be,1151,#5mRl@kGT,4328282178637503,723,09/27
Emily Taylor,emily.taylor@telenet.be,9451,!05cKPxj(!,4939064147881746,338,09/28
Jane Taylor,jane.taylor@hotmail.com,6567,+&57SXqz,4516981359660262,652,09/26
John Taylor,john.taylor@gmail.com,4357,)2_gXBnfv(7,4408486316444213,277,03/29
Katie Taylor,katie.taylor@telenet.be,3036,f_Xt8awurUGW6,5500230722176241,904,11/28
Laura Taylor,laura.taylor@skynet.be,9330,)F9Zy#PPyz,4174356069662643,820,10/28
Linda Taylor,linda.taylor@skynet.be,9910,!0A#Vvc$,5833307220393848,141,06/27
Michael Taylor,michael.taylor@telenet.be,4089,if9BJcuHQ#_,5495004718621246,915,02/28
Robert Taylor,robert.taylor@proximus.be,8546,DmrX7FJy^7xO,5929057534125658,907,08/29
Tom Taylor,tom.taylor@proximus.be,3160,i$04R1veK+$Z9r,4289180120282159,677,07/25
Alex Smith,alex.smith@hotmail.com,2988,G#J!cKVwlaq3lI,4799693748267945,674,11/28
Anna Smith,anna.smith@telenet.be,9733,+tQ1W#ol,5290216679189974,916,12/27
Chris Smith,chris.smith@hotmail.com,7032,&&1$gLq1OPe,5864393929941352,627,09/29
Emily Smith,emily.smith@telenet.be,9084,Y9f0)8Fh*,4351777205408092,546,02/29
Jane Smith,jane.smith@proximus.be,1376,4L8VHmAVR%1,5816402115154695,371,12/29
John Smith,john.smith@hotmail.com,6535,C_whTHxjsD6Edr,4698939836837129,365,02/26
Katie Smith,katie.smith@telenet.be,1544,^74EWdBK,4481828970356179,132,08/28
Laura Smith,laura.smith@gmail.com,270,Vh6QRP)kM%8,4619262309940920,939,11/27
Linda Smith,linda.smith@proximus.be,3159,0$n6!#i6yR27Bc,4951693348273575,314,12/28
Michael Smith,michael.smith@gmail.com,3118,^O5AcxzKnOM,5417395402450920,537,02/29
Robert Smith,robert.smith@skynet.be,5551,!4B1T+a6,5286751953076162,618,12/28
Tom Smith,tom.smith@telenet.be,5289,&6BS^sKAv,4116614976278561,577,05/28
Alex Miller,alex.miller@gmail.com,5724,CeV*6OlMw,4134527060847219,584,02/25
Anna Miller,anna.miller@gmail.com,4742,(L7Wfj280%,4393004874720828,195,11/27
Chris Miller,chris.miller@telenet.be,1011,*6v*XCd4,5249246685921370,259,03/27
Emily Miller,emily.miller@telenet.be,6785,W#hP39Gv,4054349709313649,233,09/25
Jane Miller,jane.miller@proximus.be,2484,xTNgiDzva+F8j,5747687789318487,465,09/27
John Miller,john.miller@gmail.com,8884,@o1X68Ih9qa3,5878002362831678,206,05/28
Katie Miller,katie.miller@skynet.be,6027,G+6pdQhhG*IOyr,5576479298508436,170,02/25
Laura Miller,laura.miller@telenet.be,1281,Hz00RLHj3JB(G,5106562817656349,895,11/25
Linda Miller,linda.miller@proximus.be,2768,J0mGFwuw8NX^5,4755268860268320,934,07/26
Michael Miller,michael.miller@telenet.be,7657,71Vfcj&n!0wowA,4465181395389355,419,09/29
Robert Miller,robert.miller@proximus.be,9926,!1oMOwqpM@,4694973206417404,942,02/29
Tom Miller,tom.miller@skynet.be,1877,@$)$2Uv^,5662449543537194,646,05/28
Alex Lewis,alex.lewis@gmail.com,6524,@0T+MdP@h#w,4047126170452474,948,03/25
Anna Lewis,anna.lewis@gmail.com,1049,%K4oVSoj&Gu,4440695911408145,155,05/25
Chris Lewis,chris.lewis@telenet.be,6408,(1nysYr+9CO@^,5865339439750885,385,01/27
Emily Lewis,emily.lewis@skynet.be,6890,@cy6%@Xe,5167381784306675,540,01/27
Jane Lewis,jane.lewis@telenet.be,8822,+1%BN76l,5334220719696030,622,01/29
John Lewis,john.lewis@gmail.com,1075,@7@rGGoZ,4332663984425667,945,11/27
Katie Lewis,katie.lewis@gmail.com,9583,#9R^CeZ_j9U,5629957854872772,683,01/25
Laura Lewis,laura.lewis@gmail.com,6962,*0T%a+pld,5120144201313997,280,11/25
Linda Lewis,linda.lewis@hotmail.com,6349,*G8DCgx9,5659802847396450,919,10/27
Michael Lewis,michael.lewis@skynet.be,3984,3c6$Yx7zq#,4284903340335901,690,08/29
Robert Lewis,robert.lewis@skynet.be,2474,l0WxuuF7*,4690268285007753,694,04/28
Tom Lewis,tom.lewis@telenet.be,8192,R4nFou_(_1hMGd,5955508078618057,464,06/27
Alex Jones,alex.jones@telenet.be,9696,q$C4fKqiA$S_u0,4221712409233345,592,08/26
Anna Jones,anna.jones@telenet.be,5739,nb*iZ9Mn%,4910794396207287,209,10/28
Chris Jones,chris.jones@hotmail.com,4821,f@%k91N0Cgk,5618611379223973,408,06/28
Emily Jones,emily.jones@skynet.be,6662,XJJ)9VGuK58n,5295283114504446,299,12/27
Jane Jones,jane.jones@gmail.com,7480,0^96T@ln,4086613690426048,760,06/29
John Jones,john.jones@gmail.com,1895,$R9AcM_UZb,4267022256893233,787,12/25
Katie Jones,katie.jones@proximus.be,9328,vHk3Z_za6*lc,4859635606946919,173,03/25
Laura Jones,laura.jones@gmail.com,5556,S0YGwULO(,4697139074184475,324,10/26
Linda Jones,linda.jones@telenet.be,2760,7K3cqMk2&,5790095719118619,464,06/29
Michael Jones,michael.jones@hotmail.com,3550,_4o9RxVJFfTLJ,4384758333386919,500,10/27
Robert Jones,robert.jones@hotmail.com,2981,t+9)SZlI,5532981525549630,638,12/26
Tom Jones,tom.jones@proximus.be,6558,0Uj4AWSj&17H,5307759982786928,454,11/26
Alex Johnson,alex.johnson@skynet.be,6724,!H@SAMvXn)2O6,5281661861683294,289,01/29
Anna Johnson,anna.johnson@skynet.be,7461,BW(wwCjx@kM4N,5413593761572156,156,05/27
Chris Johnson,chris.johnson@skynet.be,1175,1l!4&NSomA0,4637386975082105,595,10/25
Emily Johnson,emily.johnson@hotmail.com,4610,V$0XglFa,5051073269362281,992,01/27
Jane Johnson,jane.johnson@telenet.be,4811,TWqNJqPh%M8,4089122626494864,592,09/28
John Johnson,john.johnson@proximus.be,1453,0eYNccZq)_id,4239750701722800,955,02/28
Katie Johnson,katie.johnson@gmail.com,1063,$9%)1oS&IKCn,5071476972539050,587,07/25
Laura Johnson,laura.johnson@gmail.com,1270,l*cZ5Yqyj,5522417153817791,754,11/27
Linda Johnson,linda.johnson@proximus.be,9591,!s8#Hxn^4s%SO,5262055105589497,926,02/27
Michael Johnson,michael.johnson@telenet.be,9505,TS7I125gJ)R,5441426078406335,220,11/28
Robert Johnson,robert.johnson@telenet.be,3741,d_D4WGrr@*v,4816327684944517,114,08/29
Tom Johnson,tom.johnson@proximus.be,1167,JJ&5LEii,5065518215393059,329,01/28
Alex Garcia,alex.garcia@proximus.be,1074,!^c6DMpCY,5301183088154754,519,11/27
Anna Garcia,anna.garcia@hotmail.com,1890,r6fdwdkB+w8+L,5185506608897914,345,09/29
Chris Garcia,chris.garcia@skynet.be,8788,ya+i1F)xy((T,4028438577804360,365,09/29
Emily Garcia,emily.garcia@gmail.com,8554,lB29*vhkH!)qZt,4161489420266919,561,10/28
Jane Garcia,jane.garcia@telenet.be,6252,!^%6nVdB%,5989103084818810,747,01/26
John Garcia,john.garcia@proximus.be,8377,@8$SqLig4,5198779192772061,919,03/26
Katie Garcia,katie.garcia@telenet.be,6545,#bXys7Ya,5937404329160108,962,07/27
Laura Garcia,laura.garcia@hotmail.com,1532,!$N0RLb$i,5506994318029444,492,05/27
Linda Garcia,linda.garcia@proximus.be,3415,$%8Bn_OW7nzG,4171312142737664,956,08/26
Michael Garcia,michael.garcia@gmail.com,4826,@3M&rmTL^,5701166612585835,987,07/28
Robert Garcia,robert.garcia@skynet.be,9587,^R%1EkqOMspJ,4757857712198710,669,01/25
Tom Garcia,tom.garcia@proximus.be,3328,k%&A0nKUe68,5838891562669823,875,05/29
Alex Davis,alex.davis@skynet.be,8071,Wh%8Er7vL,5671468494040085,162,12/25
Anna Davis,anna.davis@proximus.be,5663,kl)Y4Hs_f6,5356214320454607,367,11/29
Chris Davis,chris.davis@skynet.be,9258,ii5RUsLfQ@,5398460172137316,533,10/27
Emily Davis,emily.davis@skynet.be,9525,@IjYsYSahl6I,4045003885974165,714,04/27
Jane Davis,jane.davis@proximus.be,4377,5NVy^vec(n,5763037108989222,687,03/27
John Davis,john.davis@hotmail.com,1048,GQ3FMpsj&,4654282677828366,750,01/26
Katie Davis,katie.davis@gmail.com,5942,)L60p+BYo(_FUa,4191966982064366,116,07/27
Laura Davis,laura.davis@telenet.be,2205,v%9L4qyB,5830854999103383,213,02/29
Linda Davis,linda.davis@hotmail.com,6089,o(1fYzCm#d*9,5204362165365234,389,07/27
Michael Davis,michael.davis@hotmail.com,4903,o@0$Ki@U9,5945940771224879,939,12/25
Robert Davis,robert.davis@telenet.be,4845,fy2VzbmYK&Xk(,4105462885143836,248,07/26
Tom Davis,tom.davis@hotmail.com,5430,w#k4S#JzZd6,4105733591223422,986,01/27
Alex Clark,alex.clark@telenet.be,6373,#AspMkNU8w1Jf,4535769805898235,759,08/27
Anna Clark,anna.clark@hotmail.com,3555,t4)fPrLtK$26,4771946654056521,757,03/29
Chris Clark,chris.clark@proximus.be,1565,QC7(a8zpKI6C,5482212814300083,194,09/26
Emily Clark,emily.clark@skynet.be,6518,9jeLeryz!%hq9,4150038763412232,260,05/25
Jane Clark,jane.clark@hotmail.com,3521,(Z_8Rhq*ZU,5664265562263181,241,08/26
John Clark,john.clark@skynet.be,6892,&29ZK7ey10QsNz,4605513248637958,669,10/25
Katie Clark,katie.clark@hotmail.com,8446,*&G0pPq1f,5988404104257568,502,05/28
Laura Clark,laura.clark@skynet.be,7770,U_6CgiuvL,4744690321435726,823,04/29
Linda Clark,linda.clark@proximus.be,9536,t5Yl1_&#^,5984406052773173,333,08/29
Michael Clark,michael.clark@gmail.com,7371,+$5wtKecV,5338723390219998,870,02/28
Robert Clark,robert.clark@skynet.be,6409,m9dWm3Az*,4284402536850485,410,12/28
Tom Clark,tom.clark@gmail.com,8600,%2Adx#ki,4559033892279776,120,04/27
Alex Brown,alex.brown@telenet.be,6530,C2H&8(kaz$8y,5953242217850844,863,06/27
Anna Brown,anna.brown@hotmail.com,5433,DO9b5Nud%,5461486653949609,243,08/26
Chris Brown,chris.brown@skynet.be,7656,$kAtlP@b499!,4882407854525012,132,10/28
Emily Brown,emily.brown@gmail.com,6676,$noR1BIi6K7X9A,5953429261799130,248,01/26
Jane Brown,jane.brown@gmail.com,9749,)fm8)a$A_QID,4613355641997486,845,04/26
John Brown,john.brown@telenet.be,1720,@+b4JrlhnLd,4278716314912209,166,04/26
Katie Brown,katie.brown@hotmail.com,1946,uZahEuzzK)+7,4539144141095533,739,04/25
Laura Brown,laura.brown@proximus.be,8881,&Y5+1hIqm@P,5933492493963286,519,12/28
Linda Brown,linda.brown@hotmail.com,8976,b3B1%3nu*ZMr,5335070420544750,694,12/27
Michael Brown,michael.brown@skynet.be,5271,)2NzygJk),4754471753007438,104,10/26
Robert Brown,robert.brown@telenet.be,7285,VD%%DpIpx^5,5836751166027195,247,09/27
Tom Brown,tom.brown@gmail.com,7296,*(rj2Kzs11(e,4168905912408409,571,03/26
Chris Henderson,chris.henderson@hotmail.com,2858,JIn:v2H+S~\6,213138711746009,747,12/27
Michele Lucero,michele.lucero@hotmail.com,2740,#JVdEda!uv**,6555106182538794,399,02/34
Hunter Woods,hunter.woods@yahoo.com,6338,5]KEXJ)nBTRg,5496066733875786,196,05/31
Michaela Yang,michaela.yang@hotmail.com,4562,8`zAu}%l-4/6,4207695387505449,441,03/34
Harold Warner,harold.warner@yahoo.com,4006,\26pBd?5TiB],6011283989299876,293,09/31
Lisa Quinn,lisa.quinn@gmail.com,8456,~Az$ejL\e9dq,5226719954545499,941,11/29
Jonathan Green,jonathan.green@yahoo.com,2741,{863tScY+G0R,4673848664071750,996,10/29
Barbara Bowman,barbara.bowman@gmail.com,3975,"2cBT%Pu,G(Sg",4082766492072,504,08/26
David Gilmore,david.gilmore@hotmail.com,4581,Pk6(jQ9m]+XI,375629745930936,279,04/30
Sharon Mann,sharon.mann@hotmail.com,6982,:y+5IzSks;UY,2261838140668255,931,11/33
Benjamin Mercado,benjamin.mercado@gmail.com,3658,]J:~!/PyF)E|,4085477293084372,649,02/33
Donald French,donald.french@gmail.com,3254,MJ:fe8{N?jTH,4199489139217242,174,03/28
Jamie Adams,jamie.adams@hotmail.com,6521,\hjos]~Cn_+?,343537046607211,678,11/25
Kenneth Cross,kenneth.cross@gmail.com,9347,"""]|PG$XaotH!",676101325956,649,08/34
Jose Palmer,jose.palmer@yahoo.com,5005,.`%B]6TgY0O:,30419016173144,625,05/33
Zachary Rogers,zachary.rogers@yahoo.com,2232,A~]@3j<{(*tE,575479966856,198,08/32
Natasha Lawson,natasha.lawson@yahoo.com,6872,S5Yn|<~N%Vqw,4917349005533547,578,04/27
Steven Reyes,steven.reyes@hotmail.com,6696,nIe5ErmdR]A;,4182612016354,146,04/27
Kaitlin Andrews,kaitlin.andrews@gmail.com,7059,"iK<oM-""B'yw_",4560643982881436,410,04/32
Adam Lester,adam.lester@yahoo.com,5738,K]R'rvP5Av6n,4901684746741860,700,06/33
Eduardo Wright,eduardo.wright@gmail.com,6246,"3&In,$:`P@rY",4634303292069824,664,03/33
Patrick Molina,patrick.molina@gmail.com,8938,I-BSDYHO22@O,639056149763,270,06/29
Joshua Mcdonald,joshua.mcdonald@yahoo.com,1746,xb<cVQ_h1$+6,4804426217392189,843,05/29
Derek Olsen,derek.olsen@gmail.com,5022,xokf;$qsCFyV,4553130125032498,605,04/34
Mr. Daniel Raymond,mr..daniel.raymond@hotmail.com,6020,"jgFfE^Gz""|c]",2236670418929925,271,04/29
Angel Bernard,angel.bernard@yahoo.com,6334,"P69,CqGu`g1v",4473030787888087,540,09/27
Sandra Yang,sandra.yang@yahoo.com,7670,"n-#V|{""vw.(e",4453683905840630,185,09/32
Phyllis Allen,phyllis.allen@gmail.com,2762,uYNKuLrP+:pp,345784250620849,618,07/27
Thomas Valdez,thomas.valdez@gmail.com,8715,lT`+lRuFBitD,3509929888225075,966,03/27
Jenny Mullins,jenny.mullins@gmail.com,6856,sR$uN<y}tOI0,3540218255673153,326,07/28
Alexandra Murillo,alexandra.murillo@hotmail.com,5112,c`!>}8-HOEPH,347000399385626,761,07/26
Christopher Jones,christopher.jones@yahoo.com,9467,`v(3}xH[VQVx,4247185139359113582,723,09/30
Victoria Sandoval,victoria.sandoval@hotmail.com,4881,g\:XhNr_}%-a,4082716653503247,916,02/30
James Wright,james.wright@gmail.com,2635,Xe\v'xfXhlMZ,2259052513171137,711,08/30
Brittany Chavez,brittany.chavez@hotmail.com,7543,'hHsWN799Pas,2223070426501938,295,06/30
Patrick Glover,patrick.glover@yahoo.com,8575,"q648spC.p\,.",3511022915599047,802,11/30
Michele Briggs,michele.briggs@yahoo.com,7474,^OTg@C`Wkyj%,4964133444881327665,882,08/32
Jennifer Hines,jennifer.hines@hotmail.com,6077,(y.:-f02bw+Y,4031088695019547,694,10/30
Erica Lin,erica.lin@hotmail.com,8061,g:4V=HaTS%V\,180032886206932,526,06/29
Jonathan Ellis,jonathan.ellis@hotmail.com,1665,|)2w2@mF|c/E,4455724987968549,534,09/31
John Mathis,john.mathis@yahoo.com,5904,Urbmn[;8LgtU,4208825883707509,264,08/26
Amanda Henry,amanda.henry@hotmail.com,8542,j]G;lMT%nQ={,503804015298,149,08/28
Natalie Raymond,natalie.raymond@hotmail.com,7814,h\<I3.31[//S,4580541841168467538,563,05/35
Micheal Hinton,micheal.hinton@yahoo.com,4468,+Q$8&Afe\F@a,213148262612039,251,03/35
Heather Rodriguez,heather.rodriguez@yahoo.com,4920,"4at|+S""[#H{W",5397593216992986,561,11/30
Frances Mendoza,frances.mendoza@hotmail.com,5723,"50c5n,Uz@8f/",3595854121826221,358,04/32
Shannon Sanford,shannon.sanford@gmail.com,5903,"wf4,<|""P%p""9",36848628940876,943,12/25
Jessica White,jessica.white@hotmail.com,2590,>HW3wnxQ[1JM,4621955981629573309,540,04/31
Sean Mckinney,sean.mckinney@hotmail.com,3467,7&nJ8RC~`bv$,4587205270939,123,11/34
Alyssa Jackson,alyssa.jackson@hotmail.com,1364,DD2`POaLa'<S,581437735276,200,06/31
Brian Campbell,brian.campbell@yahoo.com,4513,"ruc'~0A}""3-T",4709512891880,490,08/27
Kaitlin Green,kaitlin.green@yahoo.com,6734,lIEMwI$cx\<$,4455638833600785,100,08/33
Paul Love,paul.love@hotmail.com,7744,B4fy+in1m6WE,377382922885907,763,06/29
Maurice Hall,maurice.hall@yahoo.com,7900,]iu(KZNy(?<?,213172456670306,808,01/26
Kenneth Bailey,kenneth.bailey@yahoo.com,6604,sj6KS>ei=0v],375977672517998,361,12/29
Christopher Vaughn,christopher.vaughn@gmail.com,1300,&!e$f-;4EaRb,38794464975980,245,05/32
Pamela Mitchell,pamela.mitchell@hotmail.com,7258,%X/%[^R5)(:V,379213481622894,810,04/27
Larry Santana,larry.santana@yahoo.com,7131,/Q|Gn!cvmz@g,4511715023013428693,148,08/28
Jessica Hall,jessica.hall@gmail.com,1407,8[xMs7o*r<z^,630448982912,385,11/33
Joshua Johnson,joshua.johnson@gmail.com,4618,Nof&-w@U%f^q,4903500444582786,413,05/29
Stephanie Romero,stephanie.romero@hotmail.com,2881,_\J~Dch\78p8,30344231880358,492,11/34
Terry Moore,terry.moore@yahoo.com,9932,RoJ}VV?*tU}g,213195985634642,893,09/26
Sarah Anderson,sarah.anderson@hotmail.com,9186,"""26FMROB|vEz",4485007649766,211,08/31
Amy Bryan,amy.bryan@gmail.com,9197,"Jz{>6ga~""_-N",4048981431657847,508,09/33
Jonathan Wang,jonathan.wang@gmail.com,1948,bJ]0<#N/uTN_,4171303214376439,507,07/26
Pamela Bruce,pamela.bruce@hotmail.com,1709,"$j~4Z-0""r&^Z",213155067662309,378,06/29
Heather West,heather.west@yahoo.com,5103,*bIYW3K<+Phd,2615679392947093,152,08/27
Kevin Johnson,kevin.johnson@hotmail.com,5796,O=C;aNH+OJQk,2258477132488920,155,12/26
Jeff Warner,jeff.warner@yahoo.com,3385,j5Ud=jM48x+f,36218607424781,991,12/31
April Beck,april.beck@hotmail.com,6232,3Ml'D<YkGzJg,4689063092291218,204,12/25
Timothy Castillo,timothy.castillo@yahoo.com,5910,$F|EITIN$$+?,342826498921076,995,12/25
Mrs. Bethany Wolfe DDS,mrs..bethany.wolfe.dds@hotmail.com,7164,x]7HB#G^oVa1,4695027945763814272,834,02/32
Jennifer Maddox,jennifer.maddox@gmail.com,8299,"}$N37INy,K(~",4186885624774149,203,01/32
James Davis,james.davis@hotmail.com,7814,!5lneP^@nmr=,3578399126838863,841,01/32
David Coleman,david.coleman@hotmail.com,7804,u8Nb3RnRVfq&,342895062061346,871,02/26
Donna Abbott,donna.abbott@gmail.com,9185,wS%r*U`g94z4,30033342233322,336,12/34
Abigail Garcia,abigail.garcia@hotmail.com,9901,"*f)UM.""hRp%5",4661405006334,582,11/30
Joshua Reynolds,joshua.reynolds@yahoo.com,5939,0GqkaQ*=I7d],3519712496313048,246,07/28
Amanda Murray,amanda.murray@hotmail.com,4956,"m,Qh^DE#EOnx",4011312916409,789,04/30
Eric Larson,eric.larson@gmail.com,8098,uK8E9$Il)/]&,3511180776990620,455,10/32
Nicholas Wheeler,nicholas.wheeler@hotmail.com,8387,^R~}S:_U*Okf,4509163205756,647,01/27
Anthony Harvey,anthony.harvey@yahoo.com,9348,zQ>[Nn10==~x,580487518905,291,07/27
Alyssa Ellis,alyssa.ellis@hotmail.com,7446,l3g6>kb}}Q6],180000059767881,301,09/31
Katherine Francis,katherine.francis@gmail.com,7787,b@r;V[uWSXaz,370821808169230,830,02/34
Adrian Rose,adrian.rose@hotmail.com,4988,c$+TRmG>MDg),6530961854538146,344,09/30
Benjamin Mcdonald,benjamin.mcdonald@gmail.com,3834,}~mX+byT]gj:,30577162809140,586,12/31
Brittany Davis,brittany.davis@hotmail.com,2432,tZSod{#G{_Po,676341099460,193,09/34
Heather Miller,heather.miller@hotmail.com,9733,VnNlQ}A(RWHW,38471940982647,387,10/26
Christian Moore,christian.moore@gmail.com,5701,"}R{PtYDoP.f""",4580313746192977,721,09/31
Kendra Clayton,kendra.clayton@hotmail.com,7968,r`leQmv{#plG,6011901982575964,223,12/33
Laurie Stevens,laurie.stevens@hotmail.com,1261,Uql&c8h<]E*6,6011776222272931,809,01/27
Bobby Fitzgerald,bobby.fitzgerald@gmail.com,8757,p\_LlQN)kGa[,4626732810655195,140,08/35
Kimberly Smith,kimberly.smith@hotmail.com,9584,"aWA,qdui{Sx6",3582999591109825,640,12/34
Jesse Scott,jesse.scott@gmail.com,6768,m|neZEkO^y8-,2720089734418880,711,11/27
Daisy Young,daisy.young@yahoo.com,3153,i$9!~T;PPGIA,3503254848268453,127,05/35
Elizabeth May,elizabeth.may@hotmail.com,8275,\hQBq<;Bm1-_,675986994738,273,03/33
Pamela Werner,pamela.werner@yahoo.com,9130,i-wj#CR/*_NF,213180128005496,674,01/27
Amber Gregory,amber.gregory@hotmail.com,2046,"ECX,/A5(ZQCP",2516144763183232,691,06/30
Cindy Gilbert,cindy.gilbert@gmail.com,5089,/+lf`X*r^phG,36267097170032,983,06/29
Kimberly Blair,kimberly.blair@gmail.com,5594,!h=pzjO@%`vP,3528733898064004,138,10/27
Michelle Hopkins,michelle.hopkins@gmail.com,8867,(9\{e}2=tqE?,4472891618348257,452,10/30
Valerie Grimes,valerie.grimes@gmail.com,4527,";q""o}LQrAhV,",3550884737277298,852,02/28
Brittany Oneill,brittany.oneill@yahoo.com,9131,72HtYR+#T5OK,3501355043131925,699,04/29
Jessica Rivera,jessica.rivera@yahoo.com,5069,+PB9Z#wX17V%,3524243933981158,207,04/33
Pamela Peterson,pamela.peterson@gmail.com,6787,u=[1?/{`cS=z,30352413025429,126,06/32
Steven Mcmillan,steven.mcmillan@yahoo.com,5920,)KWPH(<P\KFA,676379174763,803,10/29
Madeline Cantu,madeline.cantu@hotmail.com,9656,2O-9G`;FUS&$,4552546322661741,803,05/28
Justin Sutton,justin.sutton@yahoo.com,1524,j\1eHEjrUO'{,3506158990284910,438,01/31
Bryan Guzman,bryan.guzman@hotmail.com,7644,)pGH{=$kF}j*,4533275242867006,746,11/28
Kristin Bauer,kristin.bauer@gmail.com,3253,PIP6JOZ`Tsf},6574962972918589,532,12/29
Dylan Garcia,dylan.garcia@hotmail.com,3241,<CO?$U_nlUKM,4606709981530591,221,06/26
Tammy Sullivan,tammy.sullivan@hotmail.com,4185,A~/3=Cy$5k~5,180059607120738,261,01/35
Kristina Douglas,kristina.douglas@gmail.com,3969,"r$4(mQwoxI,8",501825936690,894,03/27
Michele Navarro,michele.navarro@yahoo.com,2641,?6_t46J;Y'Oz,4446125699299540,858,06/35
Justin Gonzales,justin.gonzales@hotmail.com,3940,"P@,#Fra'7nGg",6011505322396740,907,10/26
Tiffany Hernandez,tiffany.hernandez@yahoo.com,6568,"1=*J6#;Vb)!,",4634958823492124,841,04/29
Melissa Johnson,melissa.johnson@yahoo.com,6000,f.P6i6PlPR%y,2501460125785838,355,07/31
Kristi Jordan,kristi.jordan@yahoo.com,8697,62E=Bc3tFgu4,676184117916,414,02/30
James Gonzalez,james.gonzalez@hotmail.com,6195,t%XO_*2{iA?1,2709888919240646,481,09/32
Carl Jimenez,carl.jimenez@hotmail.com,6108,H\S4XqV>fR$b,4609103809696767,713,10/31
Ryan Mooney,ryan.mooney@yahoo.com,9262,9=Phe>D(@!eo,3559530452429694,862,08/35
Danielle Santos,danielle.santos@gmail.com,7400,"iPz}Q?-m2@},",6513673821892818,106,10/29
Samantha Nash,samantha.nash@gmail.com,8738,te(Mc;tdvceR,3529460687842650,950,02/30
Michael Mcdonald,michael.mcdonald@yahoo.com,9436,g+8pT9Psf0Ze,4867449173788,234,10/27
Mr. William Forbes,mr..william.forbes@yahoo.com,4338,P'Qk'(au#aB1,4770403116308814,846,10/28
Joanne Williams,joanne.williams@gmail.com,9510,".BRQn5#rk,""q",3554385146111017,820,07/29
Jasmine Wilkins,jasmine.wilkins@hotmail.com,6967,"FcJL#T9jDs6,",3577845894017016,248,08/35
Stephen Jackson,stephen.jackson@gmail.com,3385,H2O0+rg]VV-`,502089089861,282,05/33
Casey Montoya,casey.montoya@gmail.com,9122,LVsA^]OY'|.^,4808011970375,820,02/28
Lorraine Wise,lorraine.wise@yahoo.com,8169,j4)$<vnd!faT,2262067901146926,463,02/30
Andrea Spears,andrea.spears@yahoo.com,8445,)kER^?%tX?#l,6555662793065320,787,09/28
Sean Williams,sean.williams@gmail.com,1426,"Qf#E_T,p.RqB",371391816285203,635,03/26
Aaron Allen,aaron.allen@gmail.com,2223,",Wz;TwmA4Ld|",2354201970789196,402,05/29
Karen Walker,karen.walker@yahoo.com,4860,U*NQ:%N\7vV),6011199154892651,380,05/35
Debra Soto,debra.soto@gmail.com,3678,-r&MwjVL|82a,4055417726419759,503,03/32
Kathryn King,kathryn.king@yahoo.com,5615,G-qBGV|p}7#9,675951164085,811,11/27
Kimberly Lopez,kimberly.lopez@yahoo.com,9233,"j&a(~iI5z,`#",30127874512655,995,04/31
Autumn Cole,autumn.cole@gmail.com,7938,q}]`tkAl#:zC,4198671782913983093,857,12/28
Christopher Navarro,christopher.navarro@gmail.com,5640,2:>BPkD2Cn_z,344835075443576,424,04/26
Jacob Davis,jacob.davis@yahoo.com,9252,BMAEiXZq$^Ob,3504135780018494,126,08/31
Brian Miller,brian.miller@yahoo.com,5068,0MJh5t9qo;M4,4002090146232740,315,08/28
Robert Mathis,robert.mathis@gmail.com,4870,_TGEYN>&@.nD,4305666631436,668,08/34
Jason Gibbs,jason.gibbs@yahoo.com,2994,`Et*yKUgu+1I,4701989837406949,264,09/30
Rachael Powers,rachael.powers@hotmail.com,3864,)Vf2_llTwh7~,4568989940772,631,10/26
David Williams,david.williams@hotmail.com,8546,}e@#]DoVsG<c,5316986078911383,754,02/27
Stephanie Rivera,stephanie.rivera@hotmail.com,6556,$!Lw`OR~FboY,3578877906216749,819,01/33
Steven Frazier,steven.frazier@yahoo.com,6554,<{u&yXf6X--K,38245060148548,118,08/34
Robert Swanson,robert.swanson@yahoo.com,1840,}W05{A/:Iv6P,180001346465669,577,12/31
Anthony Dalton,anthony.dalton@yahoo.com,8129,o<G`oG`LiFb!,2385524495409328,863,07/35
Heather Meyer,heather.meyer@hotmail.com,7548,ColhYEu9wuF.,2307149433091312,255,04/26
Christopher Fuller,christopher.fuller@gmail.com,9173,*)3{)QN1)!6S,502007298966,766,03/27
Rebecca Lucas,rebecca.lucas@gmail.com,1571,kcgER-HVVjrf,4579905825715033,573,09/34
Taylor Hamilton,taylor.hamilton@hotmail.com,7515,":=gd\%Sv,Vje",6507126778945806,797,12/25
Troy Taylor,troy.taylor@yahoo.com,7751,{4K)\jX$.>mZ,379354349631642,524,03/35
Shannon Perry,shannon.perry@gmail.com,9477,~to(KvBQ_uA>,639059328448,195,11/32
Luis Rivera,luis.rivera@hotmail.com,8580,"tOaYs1,&lM/-",36565809331911,977,04/35
Mariah Miller,mariah.miller@gmail.com,9351,O>C0to9%&+1?,343435311971273,270,04/27
Bernard White,bernard.white@gmail.com,5406,4\U#uB2Z4y;M,060417491754,869,04/31
James Lewis,james.lewis@hotmail.com,2618,lL/^OY-}1Gmj,6520463127781852,256,06/35
Laurie Gonzalez,laurie.gonzalez@gmail.com,2637,-/!<8JU}O1hg,4251682705312505,361,12/33
Kevin Wallace,kevin.wallace@gmail.com,4784,DTPz8-G#!%.f,4592682823747,293,03/26
Brooke Fitzpatrick,brooke.fitzpatrick@gmail.com,7727,Q-]eKUJ]fR-L,4179702494299116,549,02/27
Heather Boyer,heather.boyer@gmail.com,2446,"PA,Y[a6-*q\c",4329130121642,500,02/33
Rachel Moss,rachel.moss@yahoo.com,3749,"s,T^s0!12ufl",6509215558137862,902,12/26
Marc Molina,marc.molina@yahoo.com,2073,+)/s;p$ZG+:E,2391255326007591,437,01/27
Seth Lloyd,seth.lloyd@yahoo.com,3212,t`Db\KxDV@NM,4718909651575,354,01/28
Elizabeth Ramirez,elizabeth.ramirez@hotmail.com,1083,M($:Y`\rH_/k,4789736384811996,965,02/28
Scott Coleman,scott.coleman@hotmail.com,9635,sixBckx{I%t',180054534078844,206,12/34
Elizabeth Stein,elizabeth.stein@hotmail.com,4138,~cr4'?=sWtY?,3516209000677235,462,01/35
Timothy Fowler,timothy.fowler@yahoo.com,6613,jJ}P}#Lj[-)c,213123201226415,297,09/28
Steven Brock,steven.brock@yahoo.com,4765,n50aNWk2#jnm,676371807543,329,05/32
Kevin Moss,kevin.moss@gmail.com,7363,ESUu&_%A)Caq,180054962734678,689,11/33
Janice Santana,janice.santana@yahoo.com,5417,Ht?dL%f$Dy{F,377587545333727,521,12/27
Paul Buchanan,paul.buchanan@gmail.com,8919,ZoQJ(I181_V:,340828624860824,908,03/29
Justin James,justin.james@gmail.com,5958,"5iNE`Kn:'"")'",6011523552876315,763,07/34
Allison Farmer,allison.farmer@gmail.com,8539,$s~-dYu3EvRl,6537851726326569,112,01/27
Lisa Rios,lisa.rios@gmail.com,7497,2:Q~sF[3H+&J,4966317243176353,436,06/28
John Ross,john.ross@yahoo.com,8121,D.pa:m~3aezP,503804635111,127,08/32
Emma Martinez,emma.martinez@yahoo.com,6051,>de|9yjb+h}w,5295929183054694,768,06/32
Emily Dalton,emily.dalton@yahoo.com,3472,^FS=dS39nue5,4033022213090357,847,07/28
Luis Fisher,luis.fisher@yahoo.com,9025,/klHm[W:vN_L,376150044093721,958,04/28
Shawn Yang,shawn.yang@yahoo.com,5719,@CR}%h_H/JlL,6574456270265280,267,04/35
Derek Ashley,derek.ashley@yahoo.com,1319,+3&Ilof7?BeL,345525743151557,199,07/28
William Edwards,william.edwards@yahoo.com,6869,.7L)E/Gie1V~,4017889875705674,634,12/27
Cindy Mills,cindy.mills@yahoo.com,6293,'O>.ZIq=p&!{,4387417831935208282,949,09/31
Sarah Yates,sarah.yates@hotmail.com,6230,"f[L18lIcuyE""",4673728451547961579,963,07/32
James Lutz,james.lutz@gmail.com,1952,"$^Se,&~37k=w",4784682194407,972,03/34
Patrick Black,patrick.black@gmail.com,7896,Y-M$AjBA?C#h,3501846414623078,946,10/32
Norman Smith,norman.smith@yahoo.com,7874,"_%I[)(Fhc,tY",639098095594,294,05/26
Kathy Carter,kathy.carter@hotmail.com,7172,"tr""aMZSA'o`H",4376681055659838,160,06/29
Christopher Dominguez,christopher.dominguez@hotmail.com,7290,X(Q8DI4[$_$q,346627858977229,306,07/29
Krista Newman,krista.newman@gmail.com,4358,|MJ/g&]YvnCp,4743574542542640,329,07/31
Joseph Estrada,joseph.estrada@hotmail.com,6584,{m$J44Oz6L|(,2237284490364040,896,06/31
Kimberly Jackson,kimberly.jackson@hotmail.com,7397,d;XX-wH-W:/V,3584847948292364,706,07/26
Nicholas Wilcox,nicholas.wilcox@gmail.com,1112,x1Gi7W\tI\33,6011323146244645,676,02/26
Harold Melton,harold.melton@hotmail.com,1892,xXPZmaBkn`|8,375310330887274,786,09/31
Heather Roberts,heather.roberts@gmail.com,6870,"3,!*K?'-Vx-$",4775005992294540,264,04/28
Bradley Jackson,bradley.jackson@hotmail.com,9069,+}~\jUYaS)P/,4153847388550056,984,09/34
Nicole Aguilar,nicole.aguilar@yahoo.com,3394,f_TwOj9bh3-2,4527393187450802630,851,06/31
Heather Wilson,heather.wilson@gmail.com,6710,a'Yq`}6F0k7^,6011251287811668,299,07/34
